Subject,Body
"Production Outage: PostgreSQL Cluster Timeout in us-east-1","Our primary PostgreSQL database cluster in us-east-1 has been timing out on over 65% of incoming queries for the last 15 minutes. All customer-facing web services are throwing 500 errors."
"Charged twice for Annual Business Plan","I reviewed our corporate credit card statement and noticed two identical charges of $1200 on September 24th for our annual business plan renewal. Please issue a refund for the duplicate transaction."
"Okta SAML Single Sign-On Certificate Expired","Our entire engineering organization cannot sign in through SAML SSO this morning. The Okta auth screen displays 'Certificate signature mismatch (Error 401)'."
"Browser tab crashes when uploading PDF larger than 3MB","When attempting to upload a 3.5MB scanned PDF invoice in the billing portal, Chrome freezes completely with a high memory leak and then crashes."
"Password reset email never arrives","I clicked 'Forgot Password' three times over the past 2 hours, but no reset link or confirmation email has arrived in my inbox or spam folder."
"Suspicious login alert from unknown IP address in Russia","I received an automated email stating a successful login to my administrator account from IP 185.220.101.5 in Moscow, but I live in Toronto and never authorized this."
"Enterprise Pricing Inquiry for 750 team members","We are evaluating your platform for our global customer operations team of 750 support engineers. Could you provide enterprise tiered pricing and custom SLA options?"
"Feature Request: Scheduled CSV / XLSX Report Export","Our finance team needs automated weekly CSV/XLSX export delivery directly to an AWS S3 bucket or SFTP server."
"Request for VAT Exemption Tax Invoice (Q3 2026)","Our company is based in the European Union (VAT ID: DE312984512). Please reissue our Q3 invoice with VAT removed."
"Need to cancel monthly subscription renewal","Please cancel our monthly Starter subscription before the next billing cycle on October 1st. We no longer require this workspace."
"API Rate Limit HTTP 429 on Webhooks","Our order processing webhook is receiving continuous HTTP 429 Too Many Requests errors even though we are well below the documented 100 req/sec limit."
"Cannot change primary account email address","The account settings page gives a blank error toast when I try to update my login email from oldcompany.com to newcompany.com."
"Mobile App Dark Mode Support","Please consider adding dark mode theme support to the iOS and Android mobile applications to reduce eye strain during night shifts."
"Payment gateway declined corporate Amex card","Our recurring renewal failed yesterday with error 'Card declined by issuing bank (Code 05)'. We updated the billing zip code, please retry the charge."
"Critical Security Vulnerability Report: IDOR on /api/users","Our security team discovered an Insecure Direct Object Reference (IDOR) flaw allowing unauthenticated retrieval of user email addresses via the user ID parameter."
"Refund request for unused annual balance","We downgraded our team plan from 50 seats to 10 seats after corporate restructuring and would like a pro-rated refund for the remaining 8 months."
"Dashboard widgets take over 25 seconds to render","The analytics charts and live support metrics take over 25-30 seconds to render on initial page load, blocking agent response times."
"How do I invite external guest collaborators?","Can you please explain how permissions work for external contractors and guest viewers in project workspaces?"
"Two-Factor Authentication (2FA) recovery key lost","I lost my authenticator device and did not save the 2FA backup recovery codes. Can support verify my identity and reset 2FA?"
"Export button on batch table does nothing when clicked","In the batch view, clicking the 'Download CSV' button produces no file download or browser response on Firefox 128."
"Sales Quote for Dedicated Cloud Deployment","We require a single-tenant dedicated cloud VPC deployment with HIPAA and SOC 2 Type II compliance guarantees. Please connect us with your sales director."
"Subscription auto-renewed after cancellation notice","I submitted a cancellation request last week, but my account was still charged $49 yesterday. Please reverse the charge."
"High latency on US-West API Gateway","Average API response latency on our us-west-2 endpoints has spiked from 45ms to 1200ms following the 2.4.0 deployment."
"Everything is broken please fix","Help me right now nothing is working on the screen."
"Request to add Arabic & Japanese language localization","Our international branch offices in Tokyo and Dubai would like the customer portal interface available in Japanese and Arabic."
